{
  "true_positives": 23,
  "false_positives": 266,
  "true_negatives": 1061,
  "false_negatives": 17,
  "sensitivity": 0.575,
  "specificity": 0.7995478522984175,
  "precision": 0.07958477508650519,
  "accuracy": 0.7929773226042429
}