threshold,threshold_pct,essential_genes,sensitivity,specificity,precision,accuracy,tp,fp,tn,fn,f1_score
0.001,0.1,289,0.575,0.7995478522984175,0.07958477508650519,0.7929773226042429,23,266,1061,17,0.1398176291793313
0.005,0.5,289,0.575,0.7995478522984175,0.07958477508650519,0.7929773226042429,23,266,1061,17,0.1398176291793313
0.01,1.0,289,0.575,0.7995478522984175,0.07958477508650519,0.7929773226042429,23,266,1061,17,0.1398176291793313
0.02,2.0,289,0.575,0.7995478522984175,0.07958477508650519,0.7929773226042429,23,266,1061,17,0.1398176291793313
0.05,5.0,289,0.575,0.7995478522984175,0.07958477508650519,0.7929773226042429,23,266,1061,17,0.1398176291793313
0.1,10.0,289,0.575,0.7995478522984175,0.07958477508650519,0.7929773226042429,23,266,1061,17,0.1398176291793313
0.2,20.0,289,0.575,0.7995478522984175,0.07958477508650519,0.7929773226042429,23,266,1061,17,0.1398176291793313
0.5,50.0,300,0.575,0.7912584777694047,0.07666666666666666,0.7849305047549379,23,277,1050,17,0.13529411764705881
