{
  "b4090": {
    "growth_drop": 0.6479335674307241,
    "high_variability_reactions": {
      "THRt2rpp": 1048.3700000000122,
      "ADK3": 1024.193131966243,
      "PRPPS": 1024.1850000000118,
      "PPM": 1024.185000000002,
      "PPK": 1020.4712525780486,
      "Htex": 1016.1897480065948,
      "EX_h_e": 1016.1897480065852,
      "FE3tex": 1010.1853984655171,
      "EX_fe2_e": 1010.1805641941337,
      "EX_fe3_e": 1010.1805641941322
    },
    "total_reactions_analyzed": 2583
  },
  "b2914": {
    "growth_drop": 0.6479335674307241,
    "high_variability_reactions": {
      "THRt2rpp": 1048.3699999999915,
      "ADK3": 1024.1931319662747,
      "PRPPS": 1024.1850000000122,
      "PPM": 1024.1850000000038,
      "PPK": 1020.4712525780451,
      "Htex": 1016.1897480065918,
      "EX_h_e": 1016.1897480065912,
      "FE3tex": 1010.1853984655289,
      "EX_fe2_e": 1010.1805641941334,
      "EX_fe3_e": 1010.1805641941311
    },
    "total_reactions_analyzed": 2583
  },
  "b3735": {
    "growth_drop": 0.5798945112362629,
    "high_variability_reactions": {
      "THRt2rpp": 1289.369682640187,
      "EX_h_e": 1067.0371623450317,
      "Htex": 1067.0371623450299,
      "PPM": 1003.685000000001,
      "FE3tex": 1003.685000000001,
      "PRPPS": 1003.6850000000003,
      "EX_fe3_e": 1003.6791822308559,
      "EX_fe2_e": 1003.6791822308558,
      "FE2tex": 1003.6791822308552,
      "PPK": 1002.4158968206025
    },
    "total_reactions_analyzed": 2583
  },
  "b3739": {
    "growth_drop": 0.5798945112362629,
    "high_variability_reactions": {
      "THRt2rpp": 1289.369682640187,
      "EX_h_e": 1067.0371623450317,
      "Htex": 1067.0371623450299,
      "PPM": 1003.685000000001,
      "FE3tex": 1003.685000000001,
      "PRPPS": 1003.6850000000003,
      "EX_fe3_e": 1003.6791822308559,
      "EX_fe2_e": 1003.6791822308558,
      "FE2tex": 1003.6791822308552,
      "PPK": 1002.4158968206025
    },
    "total_reactions_analyzed": 2583
  },
  "b3732": {
    "growth_drop": 0.5798945112362629,
    "high_variability_reactions": {
      "THRt2rpp": 1289.369682640187,
      "EX_h_e": 1067.0371623450317,
      "Htex": 1067.0371623450299,
      "PPM": 1003.685000000001,
      "FE3tex": 1003.685000000001,
      "PRPPS": 1003.6850000000003,
      "EX_fe3_e": 1003.6791822308559,
      "EX_fe2_e": 1003.6791822308558,
      "FE2tex": 1003.6791822308552,
      "PPK": 1002.4158968206025
    },
    "total_reactions_analyzed": 2583
  },
  "b3737": {
    "growth_drop": 0.5798945112362629,
    "high_variability_reactions": {
      "THRt2rpp": 1289.369682640187,
      "EX_h_e": 1067.0371623450317,
      "Htex": 1067.0371623450299,
      "PPM": 1003.685000000001,
      "FE3tex": 1003.685000000001,
      "PRPPS": 1003.6850000000003,
      "EX_fe3_e": 1003.6791822308559,
      "EX_fe2_e": 1003.6791822308558,
      "FE2tex": 1003.6791822308552,
      "PPK": 1002.4158968206025
    },
    "total_reactions_analyzed": 2583
  },
  "b3733": {
    "growth_drop": 0.5798945112362629,
    "high_variability_reactions": {
      "THRt2rpp": 1289.369682640187,
      "EX_h_e": 1067.0371623450317,
      "Htex": 1067.0371623450299,
      "PPM": 1003.685000000001,
      "FE3tex": 1003.685000000001,
      "PRPPS": 1003.6850000000003,
      "EX_fe3_e": 1003.6791822308559,
      "EX_fe2_e": 1003.6791822308558,
      "FE2tex": 1003.6791822308552,
      "PPK": 1002.4158968206025
    },
    "total_reactions_analyzed": 2583
  },
  "b3734": {
    "growth_drop": 0.5798945112362629,
    "high_variability_reactions": {
      "THRt2rpp": 1289.369682640187,
      "EX_h_e": 1067.0371623450317,
      "Htex": 1067.0371623450299,
      "PPM": 1003.685000000001,
      "FE3tex": 1003.685000000001,
      "PRPPS": 1003.6850000000003,
      "EX_fe3_e": 1003.6791822308559,
      "EX_fe2_e": 1003.6791822308558,
      "FE2tex": 1003.6791822308552,
      "PPK": 1002.4158968206025
    },
    "total_reactions_analyzed": 2583
  },
  "b3738": {
    "growth_drop": 0.5798945112362629,
    "high_variability_reactions": {
      "THRt2rpp": 1289.369682640187,
      "EX_h_e": 1067.0371623450317,
      "Htex": 1067.0371623450299,
      "PPM": 1003.685000000001,
      "FE3tex": 1003.685000000001,
      "PRPPS": 1003.6850000000003,
      "EX_fe3_e": 1003.6791822308559,
      "EX_fe2_e": 1003.6791822308558,
      "FE2tex": 1003.6791822308552,
      "PPK": 1002.4158968206025
    },
    "total_reactions_analyzed": 2583
  },
  "b3731": {
    "growth_drop": 0.5798945112362629,
    "high_variability_reactions": {
      "THRt2rpp": 1289.369682640187,
      "EX_h_e": 1067.0371623450317,
      "Htex": 1067.0371623450299,
      "PPM": 1003.685000000001,
      "FE3tex": 1003.685000000001,
      "PRPPS": 1003.6850000000003,
      "EX_fe3_e": 1003.6791822308559,
      "EX_fe2_e": 1003.6791822308558,
      "FE2tex": 1003.6791822308552,
      "PPK": 1002.4158968206025
    },
    "total_reactions_analyzed": 2583
  }
}