{
  "glucose_minimal": {
    "growth_rate": 0.9823718127269815,
    "fluxes": {
      "HEX1": 0.0,
      "PFK": 7.784185977729062,
      "PYK": 0.8653751925204994,
      "CS": 4.857776644226292,
      "ACONT": 0,
      "ICDHyr": 4.857776644226291,
      "AKGDH": 3.8015383301567427,
      "SUCOAS": -3.2859306605288596,
      "SUCDi": 3.8021955368994576,
      "FUM": 4.825998880828181,
      "MDH": 4.8250587510034,
      "G6PDH2r": 4.081934853516562,
      "PGL": 4.081934853516561,
      "GND": 4.081934853516561,
      "PPC": 2.907189882968094,
      "PPCK": 0.0,
      "EX_glc__D_e": -10.0,
      "EX_o2_e": -17.57893353025426,
      "EX_co2_e": 19.67522263566326
    },
    "status": "optimal"
  },
  "acetate_minimal": {
    "growth_rate": 0.2471988686834423,
    "fluxes": {
      "CS": 6.54557437013168,
      "ACONT": 0,
      "ICL": 1.9427051739238583,
      "MALS": 1.9428705499670076,
      "MDH": 9.036941199323506,
      "AKGDH": 4.337082950190337,
      "SUCOAS": -4.207338151973144,
      "SUCDi": 6.279953500157344,
      "FUM": 7.094472594716977,
      "EX_ac_e": -10.0,
      "EX_o2_e": -9.325386270441868,
      "EX_co2_e": 9.852885419518655
    },
    "status": "optimal"
  },
  "lactose_minimal": {
    "growth_rate": 0.4284675277148753,
    "fluxes": {
      "LACZ": 0.0,
      "LACY": 0,
      "HEX1": 0.0,
      "PFK": 0.0,
      "PYK": 0.0,
      "CS": 4.012475796562165,
      "ACONT": 0,
      "ICDHyr": 2.7444869906789253,
      "AKGDH": 2.2838021326201137,
      "SUCOAS": -2.0589166660236846,
      "SUCDi": 3.5520775832793934,
      "FUM": 3.9986157289756252,
      "MDH": 5.266194491434841,
      "EX_lac__D_e": -10.0,
      "EX_o2_e": -11.497790105698236,
      "EX_co2_e": 12.412099533894203
    },
    "status": "optimal"
  }
}