{
  "glucose_minimal": {
    "n_reactions": 19,
    "correlation": 0.8369144744646665,
    "correlation_p_value": 7.917907302554666e-06,
    "spearman_correlation": 0.4664427565857178,
    "spearman_p_value": 0.04410285087465415,
    "mae": 3.2744139414239455,
    "rmse": 3.9174816986126975,
    "mape": 169.32360459648424,
    "r_squared": 0.7004258375684691,
    "slope": 1.0156770991215247,
    "intercept": 0.2764933102989635,
    "growth_error": 0.1323718127269815,
    "growth_relative_error": 15.573154438468412,
    "exp_fluxes": [
      1.2,
      1.8,
      1.8,
      8.5,
      1.8,
      0.3,
      1.8,
      2.1,
      2.1,
      1.2,
      0.3,
      1.8,
      8.5,
      1.2,
      -15.2,
      12.8,
      8.5,
      1.8,
      -8.5
    ],
    "fba_fluxes": [
      4.081934853516562,
      -3.2859306605288596,
      4.8250587510034,
      0.0,
      4.825998880828181,
      0.0,
      4.857776644226291,
      0.0,
      4.857776644226292,
      4.081934853516561,
      2.907189882968094,
      3.8015383301567427,
      7.784185977729062,
      4.081934853516561,
      -17.57893353025426,
      19.67522263566326,
      0.8653751925204994,
      3.8021955368994576,
      -10.0
    ],
    "reaction_names": [
      "G6PDH2r",
      "SUCOAS",
      "MDH",
      "HEX1",
      "FUM",
      "PPCK",
      "ICDHyr",
      "ACONT",
      "CS",
      "GND",
      "PPC",
      "AKGDH",
      "PFK",
      "PGL",
      "EX_o2_e",
      "EX_co2_e",
      "PYK",
      "SUCDi",
      "EX_glc__D_e"
    ],
    "chi_square": 103.37960726922404,
    "chi_square_df": 18,
    "chi_square_p_value": 5.306866057708248e-14
  },
  "acetate_minimal": {
    "n_reactions": 12,
    "correlation": 0.7926642257900797,
    "correlation_p_value": 0.002105421299003718,
    "spearman_correlation": 0.6056628564213397,
    "spearman_p_value": 0.0368740964796594,
    "mae": 4.005434181695365,
    "rmse": 4.604739407746791,
    "mape": 332.01722588239215,
    "r_squared": 0.6283165748473862,
    "slope": 1.556545664772212,
    "intercept": 1.3746088203366162,
    "growth_error": 0.1728011313165577,
    "growth_relative_error": 41.14312650394231,
    "exp_fluxes": [
      0.9,
      0.9,
      0.9,
      1.8,
      1.8,
      -3.6,
      0.9,
      0.9,
      0.9,
      -8.1,
      0.9,
      6.3
    ],
    "fba_fluxes": [
      1.9427051739238583,
      4.337082950190337,
      7.094472594716977,
      0.0,
      6.54557437013168,
      -10.0,
      1.9428705499670076,
      -4.207338151973144,
      6.279953500157344,
      -9.325386270441868,
      9.036941199323506,
      9.852885419518655
    ],
    "reaction_names": [
      "ICL",
      "AKGDH",
      "FUM",
      "ACONT",
      "CS",
      "EX_ac_e",
      "MALS",
      "SUCOAS",
      "SUCDi",
      "EX_o2_e",
      "MDH",
      "EX_co2_e"
    ],
    "chi_square": 220.76535782550474,
    "chi_square_df": 11,
    "chi_square_p_value": 0.0
  },
  "lactose_minimal": {
    "n_reactions": 16,
    "correlation": 0.8200178031470325,
    "correlation_p_value": 0.00010046183842595002,
    "spearman_correlation": 0.23407460624342466,
    "spearman_p_value": 0.3829015779015861,
    "mae": 2.970403689322949,
    "rmse": 3.8727092701251027,
    "mape": 579.4085925897298,
    "r_squared": 0.6724291974780854,
    "slope": 2.070764129151631,
    "intercept": 0.061278379919417536,
    "growth_error": 0.07846752771487531,
    "growth_relative_error": 22.419293632821518,
    "exp_fluxes": [
      0.7,
      0.3,
      0.7,
      0.3,
      0.7,
      0.7,
      0.3,
      -0.7,
      0.7,
      0.4,
      0.4,
      0.3,
      0.3,
      -6.3,
      0.3,
      5.6
    ],
    "fba_fluxes": [
      0.0,
      2.2838021326201137,
      0.0,
      3.9986157289756252,
      0.0,
      0.0,
      2.7444869906789253,
      -10.0,
      0.0,
      4.012475796562165,
      0.0,
      -2.0589166660236846,
      3.5520775832793934,
      -11.497790105698236,
      5.266194491434841,
      12.412099533894203
    ],
    "reaction_names": [
      "LACY",
      "AKGDH",
      "HEX1",
      "FUM",
      "PFK",
      "PYK",
      "ICDHyr",
      "EX_lac__D_e",
      "LACZ",
      "CS",
      "ACONT",
      "SUCOAS",
      "SUCDi",
      "EX_o2_e",
      "MDH",
      "EX_co2_e"
    ],
    "chi_square": 387.3048328498015,
    "chi_square_df": 15,
    "chi_square_p_value": 0.0
  }
}