{
  "glucose_depletion_time": 5.15,
  "lactose_start_time": 6.45,
  "lag_duration": 1.2999999999999998,
  "glucose_phase_growth": 0.9761372966413656,
  "lactose_phase_growth": 0.22225099096573953,
  "final_biomass": 1.74830467443543
}