{
  "glucose_depletion_time": 1.9000000000000001,
  "lactose_start_time": 1.9000000000000001,
  "lag_duration": 0.0,
  "glucose_phase_growth": 0.20637955830409738,
  "lactose_phase_growth": 0.0,
  "final_biomass": 0.7541183260821241
}