{
  "glucose_depletion_time": 7.7,
  "lactose_start_time": 9.15,
  "lag_duration": 1.4500000000000002,
  "glucose_phase_growth": 0.779576765704873,
  "lactose_phase_growth": 0.3088569591511106,
  "final_biomass": 0.0
}