{
  "glucose_depletion_time": 4.8500000000000005,
  "lactose_start_time": 6.8500000000000005,
  "lag_duration": 2.0,
  "glucose_phase_growth": 1.136272641017854,
  "lactose_phase_growth": 0.20067035251601384,
  "final_biomass": 1.6119788271272006
}