{
  "glucose_minimal": {
    "fba_data": {
      "growth_rate": 0.8164309842250976,
      "fluxes": {
        "HEX1": 0.0,
        "PFK": 6.617067916010239,
        "PYK": 0.7340256283847825,
        "CS": 4.026409909477777,
        "ACONT": 0,
        "ICDHyr": 4.0,
        "AKGDH": 3.122179937209048,
        "SUCOAS": -2.6936679708286637,
        "SUCDi": 3.149136039015272,
        "FUM": 4.0,
        "MDH": 4.0,
        "G6PDH2r": 2.0,
        "PGL": 1.9999999999999998,
        "GND": 2.0,
        "PPC": 2.418517586724923,
        "PPCK": 0.0,
        "EX_glc__D_e": -8.5,
        "EX_o2_e": -15.2,
        "EX_co2_e": 16.835171615492435
      },
      "status": "optimal"
    },
    "metrics": {
      "correlation": 0.8498290535692667,
      "mae": 2.3575783954922684,
      "mape": 116.19310469978585,
      "growth_error": 3.949295973517923,
      "n_reactions": 19
    }
  },
  "acetate_minimal": {
    "fba_data": {
      "growth_rate": 0.08059474488668548,
      "fluxes": {
        "CS": 2.4737466564793293,
        "ACONT": 0,
        "ICL": 0.23850870303836819,
        "MALS": 0.2385626209226981,
        "MDH": 3.160657581429905,
        "AKGDH": 2.1485831284967545,
        "SUCOAS": -2.106282170695529,
        "SUCDi": 2.3871457494194503,
        "FUM": 2.922094960507207,
        "EX_ac_e": -3.6,
        "EX_o2_e": -3.719734192637739,
        "EX_co2_e": 3.891715802319933
      },
      "status": "optimal"
    },
    "metrics": {
      "correlation": 0.7795050014797192,
      "mae": 1.7174990773424534,
      "mape": 124.21576291957459,
      "growth_error": 80.81077502697964,
      "n_reactions": 12
    }
  },
  "lactose_minimal": {
    "fba_data": {
      "growth_rate": 0.018222355412815007,
      "fluxes": {
        "LACZ": 0.0,
        "LACY": 0,
        "HEX1": 0.0,
        "PFK": 0.0,
        "PYK": 0.0,
        "CS": 0.4453561466130056,
        "ACONT": 0,
        "ICDHyr": 0.3914297097880092,
        "AKGDH": 0.37183717902699387,
        "SUCOAS": -0.3622730300097346,
        "SUCDi": 0.4257758066077614,
        "FUM": 0.5777666514776565,
        "MDH": 0.6317052790584241,
        "EX_lac__D_e": -0.7,
        "EX_o2_e": -1.3131183489810967,
        "EX_co2_e": 1.352003033196873
      },
      "status": "optimal"
    },
    "metrics": {
      "correlation": 0.8351137036512055,
      "mae": 0.9213139012752259,
      "mape": 80.41347055869785,
      "growth_error": 94.79361273919571,
      "n_reactions": 16
    }
  }
}