{
  "HEX1": 3.0159579828643244,
  "PFK": 3.04785324402389e-17,
  "PYK": 0.0,
  "CS": 1.08,
  "MDH": 15.428571428571429,
  "LACZ": 0.0
}